image_index,caption,retrieved_article_id,retrieved_image_id
d2274e278b736164,"The photograph captures the aftermath of a Russian airstrike on an oil depot in the Ukrainian town of Vasylkiv on February 27, 2022. The image depicts thick black smoke billowing from the depot, engulfing the sky and casting a somber shadow over the town. The absence of people suggests the immediate danger and panic caused by the attack. The burning oil depot highlights the vulnerability of civilian infrastructure to Russian aggression and the potential for environmental damage. This event occurred during the intensifying Russian invasion of Ukraine, showcasing the devastating impact of the conflict on civilian populations and infrastructure.",36486bdb065bec2b,5a9420d9cc754185
0af6fd9b887b3d44,"This aerial photograph, taken on December 15, 2021, captures the aftermath of severe weather damage in Bowling Green, Kentucky. The image shows a residential area with numerous houses affected by what appears to be a tornado or strong winds. The houses are predominantly white with gray roofs, though some have red roofs. They are arranged in neat rows, with a main road running through the center of the image. The damage is evident, with many roofs partially or completely missing, and some houses reduced to rubble. In the foreground, a woman with long brown hair is visible. She is wearing a white shirt and blue jeans, and is looking up at the camera with a concerned expression. Her arms are outstretched, possibly gesturing towards the damage or seeking help. To her right, a man with short black hair is standing. He is dressed in a black shirt and black pants, and appears to be surveying the damage with a somber look on his face. His hands are on his hips, suggesting a sense of helplessness or frustration. The overall mood of the image is one of devastation and shock. The contrast between the damaged structures and the relatively intact houses in the background highlights the severity of the event. The presence of the two individuals adds a human element to the scene, emphasizing the impact on local residents. The photograph is taken from a high vantage point, likely from a drone or helicopter, providing a comprehensive view of the affected area. The lighting suggests it was taken during daylight hours, allowing for clear visibility of the damage and the surrounding landscape.",99a6193475bc8d80,83acc80cb6f42832
1bd79cf7086e8828,"This image captures a politically charged moment during a campaign rally for Beppe Grillo and his Five Star Movement. The image highlights Grillo's presence on stage, addressing a masked crowd. His signature white jacket and black-painted face are prominent, symbolizing his distinct persona. The energetic atmosphere, illuminated by stage lights, underscores the enthusiasm generated by Grillo s message during this political gathering. The image captures a significant moment for a populist movement challenging the established political order in Italy, particularly during a time when the COVID-19 pandemic added an extra layer of social and political tension.",28d61fb3807e573b,c3119e196e0caf40
1ecd9851b68f20c4,"The image depicts a barge transporting the wreckage of a German Dornier Do-17 bomber, a historically significant aircraft lost during the Battle of Britain in 1940. This bomber, shot down by British forces, is believed to be the last remaining one of its kind. It is being transported for restoration and display in the RAF Museum in north London, serving as a poignant reminder of the intense aerial battles fought during World War II. The image captures the aircraft's fragmented and waterlogged state, highlighting the impact of the crash and years submerged in the English Channel. The bright primary colors contrasting with the dark backdrop emphasize the aircraft's vulnerability and fragility despite being a formidable weapon in its time.",436ff893082af2a4,8317584518c722d9
0bf3e2e801b96d66,"In this striking image, the aftermath of a derailment reveals the chaotic scene at Bretigny-sur-Orge station. The focus on rescuers in blue uniforms amidst twisted metal train wreckage highlights the urgency and the human cost of the accident where at least six people lost their lives and 22 were injured. The image captures the contrast between the organized efforts of the emergency responders and the devastation caused by the derailing train. One car lies on its side, emphasizing the severity of the incident. The station's architecture, visible in the background, provides context to the event and underscores the impact of the derailment on the community. This image serves as a powerful reminder of the dangers inherent in transportation and the crucial role played by first responders in times of crisis.",bc880ca90863eb40,273499a9f3efc2ab
e564acca51f23efa,"The image captures the immediate aftermath of a catastrophic helicopter crash into the Clutha pub in Glasgow, highlighting the gravity of the situation and the ongoing rescue efforts. The partially visible wreckage of the police helicopter, especially its green tail section, underscores the force of the impact. The blue sign signifying a restricted area emphasizes the hazardous nature of the scene.

Rescue workers are seen diligently coordinating the lifting operation, carefully extracting the wreckage while observing strict safety protocols. The presence of the blue sign and the positioning of individuals near the wreckage indicate a high level of urgency and caution in the rescue operation. This image serves as a poignant reminder of the tragedy that unfolded and the tireless work of those involved in recovering the victims and piecing together the circumstances of the crash.",582755d95352137d,6517df041c503955
e897e20a70be212e,"The scene depicted is a dramatic search and rescue operation unfolding in the aftermath of a devastating landslide in the Brazilian mountain city of Petropolis. This event, triggered by torrential rainfall, has left a trail of destruction and claimed the lives of over 110 people, with another 134 still missing.

In the foreground, a group of dedicated rescue workers is focused on providing immediate medical attention to a person who is injured or in need of medical help. 
They surround the individual, their movements indicating a coordinated effort to assess the situation and administer first aid. Some rescuers wear helmets, likely indicating their involvement in tasks requiring physical exertion..

The image captures the stark reality of the situation. Debris, potentially from the landslide, litters the ground, creating a hazardous environment for the rescue workers. The buildings in the background, some damaged, stand as silent witnesses to the devastation. 
The night is dark, with only the bright lights of the emergency scene illuminating the stark landscape. This stark contrast further emphasizes the severity of the event and the precariousness of the situation..

A profound sense of urgency permeates the scene. The rescuers' focused efforts and the scattered debris paint a picture of a community grappling with a tragedy of immense proportions. The event serves as a stark reminder of the devastating consequences of extreme weather events and the importance of preparedness and community support in times of crisis.",b28dd8ccfe02de5b,0cd0eae78fe0229b
2ab4ed85cdec2430,"This photograph captures the chaotic scene that erupted in Independence Square on February 19th, a day marked by escalating violence between protestors and police in Ukraine. The Trade Unions Building, ablaze in a fiery inferno, stands as a stark symbol of the unrest gripping the country. The police line, a dark presence against the backdrop of the inferno, highlights the authorities' efforts to control the situation amidst growing tensions. The image reflects the heightened political drama and the deepening divide within Ukrainian society, fuelled by President Yanukovych's controversial decision to reject closer ties with the European Union in favor of closer alignment with Russia. This move sparked widespread protests demanding Yanukovych's resignation and new elections. The burning building represents the destruction of symbols associated with the old regime, while the police presence underscores the government's determination to maintain control. This photograph serves as a powerful visual reminder of the volatile situation in Ukraine and the ongoing struggle for democracy and change.",7054f108f6386d06,a742846eed14bd3f
d13417a49d1ebde6,"On July 12, 2015, astronaut Scott Kelly found himself inside the International Space Station's Cupola module, enjoying a panoramic view of Earth. The Cupola, with its unique circular window, provided Kelly, a seasoned astronaut, with a spectacular vantage point to observe the swirling tapestry of colors that were Earth's landmasses, clouds, and atmosphere.

Kelly, identifiable by his focused expression and professional attire, seemed completely engrossed in the view. His hands, slightly distorted by the unique angle of the photograph, accentuated the astronaut's perspective in the vastness of space. The stark white interior of the Cupola, in stark contrast with the vibrant colors of Earth beyond, heightened the impact of the view, drawing all attention to the mesmerizing landscape. Despite the peaceful scene captured, Kelly's contemplation likely extended beyond the aesthetic beauty.

For astronauts like Kelly, observing Earth from space fosters a profound understanding of the planet s fragility and interconnectedness. Such observations contribute significantly to scientific research in fields like meteorology, climate science, and geology. In more recent times, Kelly has become well-known for his outspoken views regarding the war in Ukraine and Roscosmos's role in it. His public criticism of Roscosmos chief Dmitry Rogozin led to a heated exchange on Twitter, culminating in Rogozin blocking Kelly and accusing him of responsibility for potential future issues with the International Space Station.",c6332e55facf1061,8f0be45381df90e1
1e422745b066ac6b,"The image shows a Ukrainian armored personnel carrier transporting a tank, likely in the night, during the Ukrainian military's withdrawal from Crimea as a direct result of Russia's invasion and annexation of the peninsula. This event signified a significant escalation of Russian aggression against Ukraine and a violation of international law. The image's poor resolution and lack of human figures further emphasize the secrecy and urgency surrounding the military withdrawal.",51c5ab63c7ee0d65,24c5e6d6dbf35f15
d0514bd7f3408fa3,"The image captures a moment of scientific discovery and awe at the Field Museum in Chicago. Researchers are gathered around the famous ""Sue"" the T. rex fossil, one of the most complete and well-preserved T. rex skeletons ever discovered. The photograph highlights the ongoing research and fascination surrounding this iconic dinosaur.

Three researchers, all clad in white lab coats, stand in the foreground, their expressions suggesting a blend of curiosity and dedication. One researcher, distinguished by a red vest, might be a curator, supervisor, or leader of the research team. Another individual wears a black face mask, potentially a precautionary measure for health or safety reasons, while a third researcher stands nearby, contributing to the sense of collaborative scientific inquiry.

The T. rex skeleton, nicknamed ""Sue"" after its discoverer, Sue Hendrickson, dominates the background, its massive size and intricate bone structure a testament to the power and majesty of this extinct predator. The skeleton is mounted against a dark backdrop, with hints of blue and white lighting that subtly enhance its dramatic presence.

The researchers' focus on ""Sue,"" coupled with their professional attire, suggests they are actively engaged in scientific research or educational activities related to this monumental fossil.

Their presence underscores the ongoing efforts to unlock the mysteries of prehistoric life and the museum's dedication to showcasing such remarkable discoveries to the public.

This photograph is more than just a snapshot; it captures a moment of scientific exploration and wonder, revealing a glimpse into the world of paleontology and the enduring fascination with dinosaurs.",418f6d1a149700f1,69af0e8ff8e5a904
00a1ac6542cdf70b,"The image depicts a stylized press conference addressing allegations of corruption surrounding Russia and Qatar's bids for the 2022 World Cup. The neutral expression and downward gaze of the man at the podium suggest a formal and potentially serious announcement. The blue object resembling a soccer ball might symbolize the World Cup, while the stark yellow and red podium colors emphasize the gravity of the issue. Considering FIFA's innocence declaration regarding both countries, the man's message likely focuses on dismissing the corruption accusations and defending both nations' integrity in the bidding process. The overall composition conveys a sense of gravity and official statement related to a controversial topic affecting the integrity of a major sporting event.",aa8d76786c56f1a2,4178a066d3b158ae
0a640382b771967e,"A stunning scene unfolds in the night sky above Brazil in March 2020, capturing a remarkable celestial and technological alignment. A white commercial airplane, with its distinctive tail fin, becomes silhouetted against a colossal supermoon.

This supersized moon, appearing immensely bright and close to Earth, dominates the frame, its surface textured with visible craters and ridges that are accentuated by the moon's brilliance. The airplane, while small in comparison to the moon's vastness, creates a stark contrast as it streaks horizontally across the lunar surface, traversing from left to right. The photographer strategically positions the airplane slightly off-center, further emphasizing a sense of movement and dynamic energy within the photograph.

The lack of any human presence in the image, along with the contrasting elements of technology and nature, intensifies the viewer's experience of awe and wonder. The supermoon, a relatively rare astronomical event, is amplified in this specific instance by the fortuitous coincidence of the airplane's flight path, resulting in a breathtaking visual spectacle that freezes a fleeting moment in time.",1cf407cf2478cc66,a1277a7bc71fe085
0a4ec1fb581fe023,"This photograph captures a pivotal moment during the 2015 ICC Cricket World Cup match between arch-rivals India and Pakistan at Adelaide Oval. The stadium is awash with approximately one billion viewers, making it the most-watched cricket match in history. The image, despite not showing the players, focuses on the intensity of this event with a packed crowd and the prominent umpire's chair symbolizing the highly anticipated contest. The image's distorted perspective and vibrant colors emphasize the electric atmosphere, reflecting the global passion for cricket and the unique cultural significance it holds for India and Pakistan.",476606076ccaaee0,f783d5e7ea9c4373
00d9c27a872b40db,"A somber landscape paints the tragic scene of Germanwings Flight 9525's crash site. Amidst the scattered wreckage, a figure-dominated by the backdrop of rugged mountains, stands a recovery worker. The image captures a small fraction of the immense task at hand: the arduous work of honoring those lost and piecing together the fragments of their final journey. The somber gray sky underscores the heavy hearts of those who have lost loved ones, friends, and a collective sense of safety. The debris, a stark reminder of the sudden and violent end, silences words and compels a moment of quiet reflection. Each piece of metal is a silent whisper of a story cut short, leaving behind only questions and memories.",c5f114806b20d7f4,20dd15694d8fd393
0e419e8f060da2f9,"In this photograph taken at night on the Croisette in Cannes, France, a group of people are enjoying the water, capturing the lively spirit of the city's high season. The image, taken in August 2012, highlights the iconic Croisette boardwalk, known for its glamorous atmosphere, especially during the annual film festival. The blurry nature of the image and the shimmering effect of the water suggest a dimly lit, festive atmosphere, emphasizing the carefree enjoyment of the people present. While the context of the image suggests a spontaneous moment of joy, the wider significance lies in the depiction of Cannes' vibrant nightlife and its appeal as a popular tourist destination during the summer months.",894fcaab601adc47,50847aaef7d7a69d
e546e587eaea73bb,"The image depicts a poignant moment during the demolition of the ""Jungle"" migrant camp in Calais, France. As authorities initiated the long-awaited dismantling of the makeshift camp, thousands of migrants were forced to leave their homes, abandoning their belongings. The overflowing dumpsters, filled with discarded mattresses, blankets, pillows, and other personal items, serve as a stark reminder of the forced exodus and the difficult choices migrants faced as they were relocated to processing centers across France. This event symbolized the end of an era for the Jungle, a symbol of desperation and resilience for thousands of migrants seeking a better life.",2bfc249d608b97ee,ea6cf0be872c4c3b
0b0c61297ffb3d38,"This image captures a protest by young people against Brexit, highlighting their concerns about the impact of the UK's exit from the European Union on immigration and racial relations. The diverse group of protesters, united by their ""remain"" stance, express their opposition through signs carrying messages like ""Brexit is racist,"" ""Stop Brexit,"" and ""End the scapegoating of immigrants."" The presence of a large EU flag emphasizes their desire for the UK to remain part of the bloc. This protest embodies the passionate engagement and division that characterized the Brexit debate, particularly among younger generations concerned about the future of Britain's relationship with Europe and its implications for social justice and equality.",7e3cdd713bf67a25,16de79682e866f4b
0a6987fd409a1a91,"The image powerfully captures a protest demanding the release of Deniz Yucel, a German-Turkish journalist arrested in Turkey on charges of terrorism. The ""FreeDeniz"" hashtag is repeated across numerous signs held aloft by a dense crowd gathered outside the Turkish Embassy in Berlin. Many protesters wear black shirts emblazoned with the same message, showcasing a unified front against what they perceive as an unjust arrest. The yellow background emphasizes the visual impact, highlighting the urgency and determination of their cause. This protest reflects the growing tensions between Germany and Turkey over press freedom and human rights after the Turkish government's crackdown on dissent following a failed coup.",72ab969685bddd12,562ecdcfdb9f17fc
0aa1d81e2af26863,"This powerful image captures a significant moment in London's history, showcasing the strength of community spirit and the collective voice of the steelworkers as they fight for their industry and livelihoods. In 2016, a large group of steelworkers, led by Jeremy Corbyn, took to the streets of London to protest the decline of the steel industry. The image vividly depicts their determination as they march proudly, their ""Save Our Steel Community"" banner serving as a symbol of solidarity and their shared struggle. The presence of onlookers indicates widespread public awareness and sympathy for their cause, highlighting the importance of the issue within the broader context of British society at the time.",32f5186c66f5b8c7,67b93b2cd5002c9b
d2256b0d1a39dea1,"The image depicts the chaotic aftermath of a truck crash involving 7,500 chickens, highlighting the surreal and humorous consequences of a sleepy driver's lapse in attention. The truck, carrying chickens destined for slaughter, collided with a bridge pillar, scattering thousands of birds onto the A1 highway near Linz, Austria. The image focuses on a group of chickens escaping from the wreckage, their ruffled feathers and panicked expressions emphasizing the dramatic nature of their escape. The contrast of the chickens' vibrant colors against the dark background emphasizes the chaos and unexpectedness of the event. The presence of firefighters, hints of debris, and the closed section of the highway in the background, as mentioned in the provided information, add further context to the image, showcasing the scale of the incident and the efforts taken to manage the situation. This event, while seemingly trivial, highlights the unexpected outcomes that can arise from seemingly ordinary situations, reminding us of the fragility of everyday routines and the inherent absurdity of life.",267ac3ce33a9063a,7afece3ff8005c51
0bc306bb8d8ed794,"The image poignantly captures a significant moment in the Catalan independence movement: a large-scale protest in Barcelona's Placa de la Universitat square, driven by outrage over the Spanish police's violent crackdown on voters during the illegal independence referendum. The dense crowd of protestors, many clad in dark colors, convey a sense of solemn resolve. Their gathering, estimated at 700,000 strong, underscores the widespread sentiment against the Spanish government's actions and highlights the deep divisions within Spain. The image portrays the human cost of this political conflict, underscoring the desire for self-determination and the urgency for a peaceful resolution.",3f7d00746db02c87,939ed6832099e1a1
0aceaa7ae93f9617,"The image captures the official arrival of the Olympic flame in South Korea, marking 100 days until the PyeongChang 2018 Winter Olympics. This event is a crucial stepping stone in the lead-up to the Games, symbolizing the international spread of the Olympic spirit and the excitement building in the host nation. The prominent figure, likely a dignitary or athlete, holds the Olympic torch high, a beacon of unity and global collaboration. Dressed in a white suit, signifying purity and peace, they represent South Korea's aspiration for a harmonious and successful Games. The vibrant, colorful background likely depicts flags, banners, or decorations, emphasizing the cultural diversity and national pride surrounding the event.",7ceacff6c1eced24,a35fe6478728ef95
e40adf909ceaf523,"The image captures the dramatic moment of a Libyan coast guard rescuing 147 migrants at sea in June. The lone coast guardsman, standing tall, symbolizes authority and control during the rescue operation. The migrants, visibly exhausted but relieved, huddle together on the crowded deck of the boat, reflecting their precarious journey and the dangers they faced. The dark background emphasizes the seriousness of the situation and the potential risks involved in crossing the Mediterranean Sea. This rescue operation represents a crucial intervention in the ongoing migrant crisis, highlighting the efforts made to save lives amidst challenging circumstances.",7eec12bb5f39271f,72795bde4cf5a749
d3408df364696e48,"The image captures a distressing scene at a train station following a derailment that occurred at 7 a.m. local time. The derailed cars, visible in the foreground, highlight the severity of the incident, while the gathered passengers on the platform suggest a chaotic but orderly evacuation. The brightly lit train station provides a stark contrast to the dark night sky, emphasizing the unexpected nature of the event. The image resonates with the information provided, revealing a moment of tension and relief as passengers are accounted for by the Red Cross. While the photograph does not reveal the exact cause of the derailment, it powerfully depicts the immediate aftermath of a transportation disaster, reminding us of the importance of safety and preparedness in rail travel.",4f5da33b80662568,a73b8a0cf8ddafdd
e0756fbd2a865ebb,"The provided article describes a wedding celebration for Prince Harry and Meghan Markle, not a fire. There is no image of a fire, and the provided text does not contain any information about a fire. In order to accurately describe an image of a fire, more relevant information and context are required.",8404319d827a2553,7f1b8fc95bb72727
0a01484e52584867,"This image provides a glimpse into the tense and somber aftermath of a deadly shootout in Quetta, Pakistan, that tragically claimed the lives of four individuals: two police officers and two militants. The blurred and dark photograph captures the sense of fear and uncertainty that permeates the scene as residents or officials gather, their expressions reflecting a mixture of concern and apprehension. While the identity of those in the foreground remains unclear, the presence of Barat, a local resident living with heightened fear since the article was published, underscores the pervasive impact of violence on daily life in Quetta. This incident highlights the ongoing security challenges faced by Pakistan and the devastating consequences of such confrontations on local communities.",500803abf3251544,cf46a8e028caf10b
d91bf4dbb36c0b5a,"In this dramatic nighttime snapshot, wildlife rangers in the Northern Territory successfully capture a colossal saltwater crocodile, a momentous occasion as it's the longest ever recorded in the region. The image vividly portrays the sheer power and size of the 600 kilogram creature, illuminated by a spotlight as rangers grapple with its jaws and body. This capture, following a decade-long search, was essential to protect humans from potential encounters with this massive reptile. The crocodile's removal to a nearby croc farm signifies the delicate balance between wildlife conservation and public safety that rangers constantly strive to maintain in Australia's unique ecosystem.",b1cbd6c10423b9c6,def37efb10909ddd
b89eaedd567ad5a5,"On January 28th, Scituate, Massachusetts was hit by a severe winter storm, bringing with it ""frozen sea spray and sand"", creating an eerie, otherworldly landscape. The storm was powerful enough to cause considerable damage, encasing homes and other structures in a thick layer of ice and sand. The event was impactful enough to be labeled as ""historic"" by media outlets.

Dexter Newcomb, a resident of Scituate, was captured in a photograph attempting to assess the damage to his home and begin the arduous task of cleanup. His house, typically a familiar sight, was unrecognizable beneath the thick coating of ice. Even trees, fences, and potentially vehicles were similarly encased in the unnatural blend of sea spray and sand. The storm's impact extended beyond the physical: it forced the close of schools and businesses, leading to widespread power outages across the region. Families like Dexter Newcomb's found themselves confined to their homes, relying on limited light sources and engaging in timeless indoor activities like board games and storytelling.

While the storm brought hardship and disruption, local authorities emphasized the importance of checking on vulnerable neighbors, especially the elderly and those without adequate shelter. The event served as a stark reminder of the powerful forces of nature and the resilience of coastal communities in the face of severe weather.",e533e115695ff713,6953d8ee6e8a8b90
0a3cd8368a171666,"The image appears to depict a celebration of a sporting event, possibly related to England's 1966 World Cup victory. The man raising his arms in the foreground suggests a moment of triumph, and the red and black colors in the background could indicate a sports field or event space connected to the celebration. While the image doesn't show specific details of the event itself, the context provided suggests a moment of shared joy and excitement among those gathered. This celebration likely reflects the national pride and fervor associated with England's historic World Cup win.",332a21db25ebc631,f353ab67ffb9b3ba
e471e736fa068bf6,"The image depicts a solemn funeral ceremony for Pawel Adamowicz, the slain Mayor of Gdansk, held on a Saturday. In the foreground, two Catholic priests are seen bowing before an urn containing the ashes of the late mayor. The priests are dressed in traditional clerical attire, with one wearing a green robe and the other in a black robe. Their postures and expressions convey deep reverence and mourning.

The urn, likely made of a dark, polished material, sits prominently on a pedestal or table. Its presence serves as the focal point of the ceremony, drawing the attention of the gathered clergy and onlookers.

In the background, other religious figures and possibly family members or city officials are visible, though their details are less distinct. The setting appears to be a church or cathedral, evidenced by the dim lighting and the presence of religious symbols or decorations.

The atmosphere is heavy with grief and respect, as evidenced by the bowed heads and somber expressions of those present. The ceremony marks a significant moment in the city's history, honoring the memory of Mayor Adamowicz and bringing the community together in mourning.

The image captures a powerful moment of collective remembrance, highlighting the role of religious traditions in times of loss and the unity of the Gdansk community in honoring their fallen leader.",96f3d7c5e7907560,26ffeea220d9e57a
d70a6fcc1189f74f,"The image captures a chaotic scene unfolding shortly after an explosion in a city. Paramedics are rushing to evacuate an injured person on a stretcher towards a waiting ambulance, their blue and white uniforms standing out against the dark background. The image suggests a significant incident, likely a bombing or gas leak as indicated in the article, given the presence of emergency vehicles and numerous people in the background. The distorted colors and blurry details seem to intensify the sense of urgency and chaos, emphasizing the traumatic nature of the event. The article highlights the tragic loss of life, with four fatalities confirmed, and underscores the gravity of such incidents. The image serves as a stark reminder of the devastating consequences of explosions and the swift response required from emergency services in such situations.",be01a5d66ebcc543,adb1e1ea5a92e8ae
4a6a7f5332b404ec,"The image depicts a large gathering of students at a climate change event in Sydney. The scene is filled with a diverse crowd of young people, all facing towards the camera. They are dressed in various colorful outfits, creating a vibrant and dynamic atmosphere.

In the foreground, two individuals stand out prominently. On the left is a person with short blonde hair, wearing a white shirt. To their right is another individual with short black hair, dressed in a black shirt. Both are positioned centrally, drawing attention to their presence.

The crowd behind them is a mix of people with different hair colors, including black, blonde, and brown. Their clothing is equally varied, featuring shades of red, yellow, and white. The overall composition creates a mosaic of colors and textures, emphasizing the diversity of the participants.

While specific objects are not clearly visible, the image conveys a sense of unity and purpose among the gathered students. Their expressions and body language suggest a shared commitment to the cause of climate change. The setting appears to be outdoors, likely in a public space in Sydney, chosen for its significance or suitability for such an event.

The image captures a moment of collective action, highlighting the passion and engagement of young people in addressing global environmental issues. The absence of text or signs in the image allows the focus to remain on the participants themselves, emphasizing their presence and solidarity in the face of climate challenges.",3e48bc9e8cef6a81,e8b0ec5223961577
0ac71401158ec9cd,"The image shows the immediate aftermath of a shooting in 24 October Square, Utrecht, where three people were killed and five others were wounded. Several police vehicles are strategically positioned around the square, creating a secure perimeter, while a group of officers in protective gear stand alertly, ready to respond to any threats. The flashing lights from the vehicles illuminate the tense scene, capturing a somber atmosphere as law enforcement works to secure the area and investigate the incident. The presence of a lone taxi driver in the background, waiting patiently for the situation to resolve, emphasizes the disruption to everyday life caused by this violent act. It underscores the gravity of the shooting and the ongoing efforts to apprehend the suspect and ensure public safety in the aftermath of the tragedy.",276ff28ba5f22f05,1c6d9ee4530dd430
01f3eb7dd66159e8,"The image captures a significant climate change protest at Oxford Circus in London. The protesters, with their ""Tell the Truth"" banner, are directly challenging the financial industry's role in environmental damage. Their presence, blocking traffic and occupying the street in front of a prominent building, demonstrates their determination to bring attention to their cause. This event highlights the growing concern about climate change and the escalating calls for accountability from corporations and institutions contributing to the problem. The large crowd, diverse in its makeup, emphasizes the widespread nature of this movement and its connection to broader societal issues of justice and environmental responsibility.",a3928d97ec79f455,22f543e1fc203b7d
0dc6551b948a4437,"The image captures a moment of excitement and prestige as Maikel van der Vleuten and his horse Dana Blue finish second in the Longines Global Champions Tour (LGCT) held in Madrid. The ""Longines"" branding prominently displayed in the image highlights the prestigious status of the tournament. The dark night setting with bright arena lights emphasizes the grandeur of the event, while the cheering crowd evokes a sense of celebration and competition. Although the image doesn't fully capture Van der Vleuten's emotion, it hints at the excitement and thrill of competing on a global stage, particularly within the prestigious LGCT.",ff5f91914fa5f8c8,1eca3cabb2273532
e720dcddd1b517e1,"This striking photograph captures a moment of intense political tension during Nigel Farage's campaign for Brexit. Farage, dressed in a white suit and red tie, is the target of a milkshake attack by a man in a yellow suit. The force of the throw is evident in the splatter of milkshake against Farage's crisp attire, creating a stark contrast between the pristine white and the creamy projectile. While Farage's expression remains composed, the presence of the flying milkshake and the obscured face of the attacker highlight the aggression and division that characterized Brexit politics during this period. The image, with its backdrop of a brick wall and dark ground, evokes a sense of urban unrest and underscores the volatile nature of the debate surrounding Brexit.",ddfa8e0f5c4128d9,35f453cfb7e29c64
0be286b71f4b37dc,"This image captures a dramatic moment from the 17th stage of the 2018 Tour de France, a grueling cycling race renowned for its challenging terrain and demanding courses. The uphill climb shown here is characteristic of the physical prowess required of the riders competing for overall victory. The presence of enthusiastic spectators lining the route underscores the passionate following the Tour de France enjoys, highlighting its status as a cultural phenomenon. Although we see a moment of exertion and challenge in the image, it is important to note that these professional cyclists are trained to endure such conditions and frequently display incredible feats of strength and stamina.",94b1141bc86637ba,872026b9badec694
1bb314a83c667a3d,"This image captures Liverpool FC's joyous victory parade after they won the Champions League, beating Tottenham Hotspur 2-0 in Madrid. The players, adorned in their signature red jerseys, stand atop an open-top bus, surrounded by a sea of passionate red-clad supporters, creating a scene of electric energy. Mohamed Salah and Virgil van Dijk, key figures in the team's success, are visible amongst the jubilant players. Thousands of fans, estimated at 250,000 strong, have gathered to celebrate the team's sixth Champions League title, a feat last achieved in 2005. The image vividly conveys the sense of unity, pride, and shared accomplishment that comes with this historic victory, highlighting the strong bond between Liverpool FC and its teeming fan base.",1e8bc0016e53fd88,0c325b56a0462687
03fbec972ccc9a31,"The image captures a somber scene of drought in Montjean-sur-Loire, France, on July 24, 2019. The primary focus is a large illuminated bridge crossing a largely dried-up riverbed, highlighting the severity of the situation. Two figures stand in the exposed riverbed, their presence emphasizing the stark transformation of the environment. The backdrop features a cityscape, suggesting a human community now grappling with the consequences of this water scarcity. This event likely reflects a larger trend highlighted in the article -- the global heatwave and climate change contributing to intensified droughts across the world.",c3277f6d4826ed00,180dabad4bfd97e1
0d233475565c50e3,"This image captures a thrilling moment from the 2018 Longines Global Champions Tour held in a prestigious venue the Royal Hospital Chelsea in London. We see Ben Maher, an Olympic gold medalist, expertly riding his white horse Explosion W as they navigate a challenging jump course. The vivid colors of the obstacles, the majestic white horse, and the focused expression of the rider all contribute to the excitement of this moment captured mid-stride. The image highlights the dedication, skill, and athleticism required in this popular equestrian sport. The event itself, a part of the prestigious Longines Global Champions Tour, attracts top athletes from around the world, making it a significant event in the global show jumping calendar.",388441ebb3133f9d,af195a1d081fd0bf
e23dcbe3a1a685aa,"This poignant photograph captures a critical moment in the ongoing Australian bushfire crisis. Taken on February 4 in Peak View, Australia, it shows animal rescuer Marcus Fillinger carefully transporting a severely burned kangaroo to a recovery center. The kangaroo's injuries, clearly visible in the image, are a stark reminder of the destructive power of the fires that have ravaged the country. Fillinger's determined expression and gentle grip on the kangaroo demonstrate the compassion and dedication of those on the front lines of this environmental disaster. This image highlights the immense toll the bushfires are taking on Australia's wildlife and the urgent need for conservation efforts.",193fa293fd8cd1b4,af839f724941268f
1ed998ab468b2d42,"This striking photograph captures the essence of the thrilling surfing event held at Nazar , Portugal, a world-renowned spot for its monstrous waves. Thousands of spectators have gathered around the iconic lighthouse, mesmerized by the daring feats of surfers taking on colossal waves that can reach heights of up to 80 feet. The image perfectly encapsulates the awe-inspiring contrast between the relatively calm and collected crowd and the raw power and force of the ocean. The presence of the lighthouse, a symbol of safety and resilience amidst the turbulent waters, further emphasizes the immense size and potential danger of the waves. This event attracts surfers from all over the globe, drawn to the challenge of conquering these gigantic walls of water. It is a testament to human courage and skill, as well as a celebration of the immense beauty and power of the natural world.",cf2bc7a9ac1396bd,7c1d786ff42f4d8a
0c4d110fddf335f8,"The image captures a lone firefighter bravely battling a fierce bushfire in the Central Coast area north of Sydney on December 10, 2019. The dramatic scene showcases the intense inferno with its unusual bright blue flames, highlighting the severity of the situation and the dangerous conditions firefighters faced during the devastating bushfires that plagued Australia at the time. The firefighter's unwavering stance and focus amidst the chaos underscore their dedication and courage in protecting lives and property. This image serves as a reminder of the risks they take and the critical role they play in mitigating the devastation caused by natural disasters.",392451ece434b3c0,352ad0fd73e798ac
0af0fef8f4f67c01,"In this photograph, Russian President Vladimir Putin is seen holding a videoconference meeting with representatives from Dagestan. This meeting, convened in response to a severe COVID-19 outbreak in the republic, highlights Putin's direct engagement with regional leadership to address the pandemic's challenges. The image showcases the formal setting of the meeting, with Putin seated at a large desk and engaged with a computer screen displaying the videoconference participants. The cluttered desk suggests a busy workload and the urgency of the situation. The blurred background further emphasizes the focus on Putin and the importance of the conversation. This scene sheds light on the use of technology in modern governance, particularly during times of crisis, and highlights the federal government's role in supporting regions struggling with the pandemic.",c798866795ce8bdb,3dd6adcd56f7fcca
0a14939a2362ea23,"In this vibrant and colorful scene, we see a villager casting his vote at a ballot box in the village of Lugovoye, amidst a national referendum on controversial constitutional amendments that could extend President Putin's rule until 2036. The image captures the essence of this significant event, where the act of voting is highlighted amidst a colorful backdrop that symbolizes the diverse perspectives and concerns within the community. The man in the white clothing, casting his ballot, represents the individual voice participating in this pivotal moment. The diverse colors of the walls and scattered shapes further emphasize the multifaceted nature of the referendum and the range of emotions and opinions surrounding the proposed amendments.",068200e21de2f651,548bdb997920a163
d91f12ed3d5ae980,"This photograph captures a fleeting moment in the midst of the Battle of Britain, a pivotal air campaign fought in the summer and autumn of 1940. During this intense period, the Luftwaffe sought to gain air supremacy over Britain in preparation for a potential invasion. The image depicts Hawker Hurricane fighters, known for their durability and maneuverability at low altitudes, forming a precise and dynamic squadron, showcasing the RAF's skill and coordination in combat. The roaring engines and the threat of German attack are palpable in the image, with the streak of red and yellow fire signifying an intense dogfight playing out over the English skies.",54ade891fa58864d,f577787377879aaf
e236ae60af89e120,"In this somber photograph, security personnel navigate the aftermath of a devastating earthquake that struck Izmir, Turkey. The image captures the immense scale of destruction left behind by the tremor, focusing on a collapsed building with exposed rebar and scattered debris. The muted tones and purposeful strides of the security personnel underscore the gravity of the situation. The earthquake, measured at 7.0 by the USGS, has claimed the lives of numerous individuals and caused widespread damage, with 20 buildings seriously impacted in Izmir. This scene vividly depicts the stark reality of the disaster's impact on the urban landscape, highlighting the human cost and the ongoing efforts to restore order in the wake of this tragedy.",187f6182e4388869,b8984f9c5d8cf2af
0d8f391bbc9d343a,"This photograph, taken from the International Space Station in September 2019, captures Hurricane Dorian at its formidable peak. The image showcases the hurricane's impressive scale and the distinct features that define its structure. A well-defined eye, appearing as a dark, almost black circle, dominates the center of the storm, surrounded by swirling bands of white clouds that progressively transition into darker shades of gray and black. These bands signify the varying levels of precipitation and storm intensity, with the darker shades representing areas of heavier rainfall and stronger winds.

The contrast between the white clouds and the dark ocean backdrop emphasizes the destructive power of the hurricane. Dorian's swirling bands extend outwards, demonstrating the powerful rotational force at play.

This image, captured from a vantage point millions of miles above Earth, provides a unique global perspective on the scale and intensity of this major hurricane. The photograph captures Dorian at a critical moment in its lifespan, before it made landfall and inflicted devastating damage, particularly in the Bahamas, where it caused widespread destruction and loss of life.",e4d1e79094ccb41f,624343c0f9dfd7f6
e499bb43e47e3d6e,"This image captures a pivotal moment in the early stages of Russia's invasion of Ukraine, specifically the chaotic evacuation of civilians from Kyiv in the wake of pre-offensive missile strikes. On the morning of February 24, 2022, Russian and Belarusian forces launched a coordinated attack on Ukraine, targeting critical infrastructure and residential areas. The initial strikes sparked immediate panic and fear, forcing residents of Kyiv, including the family depicted in the photograph, to flee their homes in a desperate attempt to find safety.

The photograph seems to have been taken shortly after the first explosions, as the individuals are shown hastily leaving their apartment building, likely carrying essential belongings. The street scene is chaotic, with other residents also visible, adding to the sense of urgency and fear. The overall atmosphere is one of complete disruption and turmoil, symbolizing the sudden upheaval in their everyday lives brought by the invasion.

The blurry quality and muted tones of the image further reinforce the sense of confusion and devastation, highlighting the immediate and overwhelming impact of the strikes. While the image itself doesn't show any direct violence, its context paints a chilling picture of the human cost of war: the abrupt disruption of normalcy, the trauma of displacement, and the fear for the safety of loved ones. The image stands as a powerful testament to the human stories that unfolded behind the headlines of the conflict.",75798e6e40ec4de3,d6bc7a24eee27b2e